etpSrcIP,etpSrcP,etpDstP,etpProtocol,totalPacket,label
10.14157978437808,7.75316271841024,8.534560458981499,0.645298838651608,1634466,0
10.03316923657787,7.550317423290955,8.563300302372173,0.650795873078059,1694167,0
10.094238479460152,7.5845100287435985,8.558691860402492,0.6499929342990364,1697365,0
10.019862753887328,7.652072891527346,8.477041335312217,0.6669960572464069,1680225,0
10.077850722314963,7.737303328316184,8.498802292962361,0.6881322606892952,1660481,0
10.222803954442693,7.752682950818946,8.523439428135887,0.6520058519151534,1634157,0
10.247530967376315,7.816928007631087,8.563322195448581,0.6673288179969137,1590632,0
10.195485825279263,7.8579008712307985,8.493511333798454,0.6544206485623218,1631481,0
10.06009359448985,7.6839830158741025,8.602427003070064,0.6411080903837789,1638371,0
